{"main":{"language":"en","lastHostname":"192.168.0.111","darkTheme":false,"useBinaryPrefix":true,"disableAutoComplete":false,"settingsStorageLocal":false,"settingsSaveDelay":2000,"cacheStorageLocal":true,"cacheSaveDelay":4000,"notifications":{"errorsPersistent":true,"timeout":5000},"webcam":{"url":"","updateInterval":5000,"liveUrl":"","useFix":false,"embedded":false,"rotation":0,"flip":"none"}},"machine":{"ajaxRetries":2,"updateInterval":250,"extendedUpdateEvery":20,"fileTransferRetryThreshold":358400,"crcUploads":true,"pingInterval":2000,"babystepAmount":0.04,"codes":["G0 X0 Y0","G0 Z2","G1 C241 F10000","G1 E20.0 F100.0 ; intro line","G1 X138 Y105 F6000","G1 X208.7 Y183 F50000","G1 X208.7 Y200 F1000","G1 X208.7 Y200 F500","G1 X208.7 Y213 F50000","G1 X208.7 Y229.6 F500","G10 P0 R140 S205","G10 P0 S215 R{215-50}","G10 P0 X-12.3 Y33 Z-3.00","G10 P0 X-12.3 Y33 Z-3.50","G10 P0 X-12.3 Y33 Z-3.80","G10 P0 X-12.3 Y33 Z-3.99","G10 P1 X-9 Y39 Z-4.14","G10 P1 X-9 Y39 Z-5","G10 P1 X-9 Y39 Z-5.1","G10 S225 R{225-50} P0","G28","G28\t\t;home all axes","G28 C","G29","G29 S1 P\"75C.csv\"","G29 S3 P\"75C.csv\"","G29 S3 P\"85C.csv\"","G30","G32","G90","G92 C40","G92 Z17.18","M0","M1","M104 S215 T0","M106 S0","M109 S215 T0","M109 S215 T1","M109 S225 T0","M116 P0","M119","M122 P101","M140 S55","M140 S85","M190 S55","M190 S70","M190 S85","M280 P0 S0","M280 P0 S10","M280 P0 S90","M558 F120","M561","M563 P1 S\"T1\" D1 H3 F3","M564 S0","M568 P0 R140 S205","M568 P1 R140 S205","M572 D0 S0.125","M572 D0 S0.4","M572 D1 S0.4","M81 S1","M82","M84","M915 X Y S-10 R3","M915 X Y S-15 R1","M915 X Y S1 R1","M915 X Y S1 R3","M915 X Y S2 R1","M915 X Y S3 R1","M915 X Y S3 R1 F0","M915 X Y S3 R3","M915 X Y S4 R1","M915 X Y S4 R1 F0","M915 X Y S4 R3","M915 X Y S5 R1","M915 X Y S5 R1 F0","M915 X Y S5 R3 F0","M915 X Y S6 R1","M915 X Y S6 R1 F0","M915 X Y S7 R1","M915 X Y S7 R1 F0","M915 X Y S7 R3 F0","M92 X160.00 Y160.00 C91.022 Z400.00 E421.1460446247:412.0802784977","M98 \"autotram.g\"","M98 \"tramprintbed.g\"","M98 P\"/macros/Coupler - Unlock\"","M98 P\"autotram.g\"","M98 P\"homec.g\"","M98 P\"prime.g\"","M98 P\"rehome.g\"","T","T-","T-1","T-1 P0","T0","T0 P0","T1","T1 P0","echo (state.currentTool != -1)","echo (state.currentTool == -1)","echo (state.currentTool == 0)","echo heat","echo heat.heaters","echo heat.heaters[0]","echo heat.heaters[0].current","echo heat.heaters[0].current<60","echo heat.heaters[0].current<70","echo move.axes[3]","echo move.axes[3].homed","echo move.axes[3].letter","echo sensors","echo state.currentTool","echo state.currentTool == -1","m84"],"displayedExtraTemperatures":[],"displayedExtruders":[0,1],"displayedFans":[-1,0,4],"moveSteps":{"X":[100,50,10,1,0.1],"Y":[100,50,10,1,0.1],"Z":[50,25,5,0.5,0.04],"default":[100,50,10,1,0.1]},"moveFeedrate":6000,"extruderAmounts":[100,50,20,10,5,1],"extruderFeedrates":[60,30,15,5,1],"temperatures":{"tool":{"active":[245,225,220,215,205,0],"standby":[210,190,180,160,140,0]},"bed":{"active":[110,100,85,75,70,65,60,55,0],"standby":[55,40,30,0]},"chamber":[90,80,70,60,50,40,0]},"spindleRPM":[10000,75000,5000,2500,1000,0]}}